#;WALLET
48;EQAUuWBXwILsYlrf3AAPGhLIDO5jTZJ7Ymp_bxkt6EyxC8Q9
59;EQB07R2rhPmZ6enZZ4fNeWAPzVW_nRXlgqhP4U-v1qxENyFe
82;EQBiAWeBbIymtHSni6w20mLX3xxIwJ7bBrrDV0kshx6xZAV7
88;EQBKcCkNmy8KZM506N629Fc61RMlzBtcMRHYoD_U81_2ZJBW
91;EQBLsjGAo8klUrKh11ogBAYpncfk4w98dxbh7qTl_mBS75lB
125;EQC8VbrYK3HIu7_9DWVCBYQVzyiJGiCupnuR444ZEY5RwIXP
127;EQCAEsd4v7SBMNUOrq1vhDDe7CAJlbud864m0N-fIHOsq-lN
148;EQCioj-PWK-3SItPjsmGoMs7O2V1VTsDefjeQ6LKpnLTRnTN
159;EQCNqdoFn9zZKGayZesrsAQG5gmj02hO2Uj8xhOVt_-eA9bJ
172;EQCunJghmXmC-jHdMlqKHWLio9Fq5w8JcENqaaUCnuXC3l_E
197;EQDFnznECk66w7pDqjOxNhvk4QxEJw3m53N1oJOLSPpqqvqH
222;EQDqxVrlyPiZpxODTw5XuCWeZRibqF0H9v4MQObsqM9_X_jg
239;EQDWopi_JQPcqmFMf2IM27U5IHU4HGETgfwUOqNyhZfa5LP-
241;EQDYAZVOxHAGHd2dHwkmNdCjInY-UqgVbWMfzTS6wUYWd9qo
